,Unnamed: 0,company,line,departure_time,arrival_time,start_stop,end_stop,start_stop_lat,start_stop_lon,end_stop_lat,end_stop_lon
24635,24635,MPK Tramwaje,3,04:28:00,04:30:00,Rynek,PL. JANA PAWŁA II,51.11104774,17.02696353,51.112085,17.02048757
24635,24635,MPK Tramwaje,3,04:30:00,04:31:00,PL. JANA PAWŁA II,Rynek,51.11104774,17.02696353,51.112085,17.02048757
24636,24636,MPK Tramwaje,3,04:31:00,04:33:00,PL. JANA PAWŁA II,Młodych Techników,51.112085,17.02048757,51.11287502,17.01193508
24637,24637,MPK Tramwaje,3,04:33:00,04:34:00,Młodych Techników,pl. Strzegomski (Muzeum Współczesne),51.11287502,17.01193508,51.11314781,17.00696258
24635,24635,MPK Tramwaje,3,04:31:00,04:33:00,Rynek,PL. Legionów,51.11104774,17.02696353,51.112085,17.02048757
24635,24635,MPK Tramwaje,3,04:33:00,04:34:00,PL. Legionów,pl. Strzegomski (Muzeum Współczesne),51.11104774,17.02696353,51.112085,17.02048757